id,first_name,last_name,email,gender,age
1,Hendrick,Nottram,hnottram0@foxnews.com,Male,40
2,Libby,Round,lround1@psu.edu,Polygender,40
3,Eldredge,Gerrelts,egerrelts2@google.cn,Male,33
4,Thain,de Courcey,tdecourcey3@dailymail.co.uk,Male,18
5,Roldan,Wymer,rwymer4@issuu.com,Male,12
6,Juan,Underwood,junderwood5@nsw.gov.au,Male,33
7,Nelli,Hurburt,nhurburt6@google.de,Female,31
8,Zaria,Engeham,zengeham7@newyorker.com,Female,19
9,Marget,Starkie,mstarkie8@aol.com,Female,24
10,Courtney,Thornally,cthornally9@de.vu,Female,47
11,Giulio,Liven,glivena@yolasite.com,Male,45
12,Aaren,Cawthra,acawthrab@topsy.com,Female,47
13,Faina,Milam,fmilamc@indiatimes.com,Female,39
14,Taber,Labden,tlabdend@homestead.com,Male,35
15,Kip,Weatherburn,kweatherburne@gizmodo.com,Male,22
